{"accuracy": [0.2629382312297821, 0.48464107513427734, 0.5985809564590454, 0.6636894941329956, 0.7170283794403076, 0.7563439011573792, 0.7908180356025696, 0.8196995258331299, 0.849081814289093, 0.8652754426002502, 0.8912354111671448, 0.9023372530937195, 0.919699490070343, 0.9292988181114197, 0.9372287392616272, 0.9486644268035889, 0.9549248814582825, 0.9471619129180908, 0.9616861343383789, 0.9629382491111755, 0.9668614268302917, 0.9677796363830566, 0.9724540710449219, 0.9752921462059021, 0.9746243953704834, 0.9766277074813843, 0.9797161817550659, 0.9792988300323486, 0.9792988300323486, 0.9793822765350342], "loss": [1.9850101470947266, 1.4488749504089355, 1.1564182043075562, 0.9712314009666443, 0.8388039469718933, 0.716825008392334, 0.6228435039520264, 0.5352616906166077, 0.46059590578079224, 0.39449813961982727, 0.3310750424861908, 0.28935688734054565, 0.24261251091957092, 0.21662363409996033, 0.1926780492067337, 0.1547597050666809, 0.13908135890960693, 0.1539563238620758, 0.11291184276342392, 0.11099731922149658, 0.10210774093866348, 0.09417267888784409, 0.08355969935655594, 0.07699190825223923, 0.07710599154233932, 0.069710873067379, 0.06188087910413742, 0.06624790281057358, 0.06161481887102127, 0.0636676698923111], "val_accuracy": [0.4223706126213074, 0.5068447589874268, 0.6774624586105347, 0.703171968460083, 0.7375625967979431, 0.7519198656082153, 0.7833055257797241, 0.8066778182983398, 0.8330550789833069, 0.8390651345252991, 0.8530884981155396, 0.8470784425735474, 0.8727879524230957, 0.8711185455322266, 0.8634390830993652, 0.8804674744606018, 0.8611018657684326, 0.8661102056503296, 0.8747913241386414, 0.8747913241386414, 0.8968280553817749, 0.9051752686500549, 0.9008347392082214, 0.8734557628631592, 0.9138564467430115, 0.8894824981689453, 0.9121869802474976, 0.9055091738700867, 0.9105175137519836, 0.9111853241920471], "val_loss": [1.610735297203064, 1.3571945428848267, 0.9506999850273132, 0.8867783546447754, 0.7588218450546265, 0.7324489951133728, 0.6614658236503601, 0.6041849255561829, 0.49557363986968994, 0.5133464932441711, 0.4701949656009674, 0.4819857180118561, 0.3996226489543915, 0.4330751895904541, 0.44969427585601807, 0.4128250777721405, 0.5032747983932495, 0.47804567217826843, 0.48078447580337524, 0.44805172085762024, 0.3756888508796692, 0.35923516750335693, 0.3593980371952057, 0.4767741858959198, 0.32686641812324524, 0.48732632398605347, 0.3674696981906891, 0.3525596559047699, 0.3334164619445801, 0.37095263600349426]}